No.,titles,classes,times
0,"Stocks making the biggest moves after hours: Alphabet, Visa, Chipotle, AMD and more",Top news,Oct 29 2024
1,How the stock market is likely to react to the election outcome,Top news,Oct 29 2024
2,"Stocks making biggest moves midday: VF Corporation, Pfizer, F5, JetBlue and more",Top news,Oct 29 2024
3,"Stocks making biggest moves premarket: VF Corp., McDonald's, Pfizer and more",Top news,"Tue, Oct 29th 2024"
4,"Chinese IPOs in the U.S. and Hong Kong set to increase next year, analysts say",Top news,"Mon, Oct 28th 2024"
5,"Stocks making the biggest moves after hours: Cadence Design, Ford and more",Top news,"Mon, Oct 28th 2024"
6,JPMorgan is suing customers accused of theft in viral 'infinite money glitch',Market Insider,"Mon, Oct 28th 2024"
7,Bret Taylor’s AI startup Sierra raises funding at $4.5 billion valuation,Finance,"Mon, Oct 28th 2024"
8,"Stocks making biggest moves midday: Taiwan Semiconductor, Delta Air and more",AI Effect,"Mon, Oct 28th 2024"
9,"Stocks making biggest moves premarket: Exxon, Spotify, McDonald's and more",Market Insider,"Mon, Oct 28th 2024"
10,"Wise CEO fined £350,000 by UK regulators over failure to report tax issue",Market Insider,Oct 29 2024
11,How Apple's China suppliers could actually benefit from U.S. trade tensions,Tech,"Sun, Oct 27th 2024"
12,"Stocks making the biggest moves midday: Tapestry, Capri, L3Harris and more",Market Insider,"Fri, Oct 25th 2024"
13,"Stocks making the biggest moves premarket: Deckers Outdoor, Capital One and more",Market Insider,"Fri, Oct 25th 2024"
14,Chart analyst Carter Worth breaks down his most important technical indicator,Markets,"Fri, Oct 25th 2024"
15,"Stocks making the biggest moves after hours: Dexcom, Capri, Skechers and more",Market Insider,"Thu, Oct 24th 2024"
16,"Stocks making the biggest moves midday: Tesla, IBM, Molina Healthcare and more",Market Insider,"Thu, Oct 24th 2024"
17,"Stocks making biggest moves premarket: Tesla, UPS, Lam Research, IBM and more",Market Insider,"Thu, Oct 24th 2024"
18,"Chinese smartphone maker Oppo doubles down on AI in regular talks with Google, Microsoft",China Economy,"Thu, Oct 24th 2024"
19,"Stocks making the biggest moves after hours: Tesla, IBM, T-Mobile and more",Market Insider,"Wed, Oct 23rd 2024"
20,"Stocks making biggest moves midday: McDonald's, Spirit Airlines, Boeing and more",Market Insider,"Wed, Oct 23rd 2024"
21,"Apple, Goldman Sachs ordered to pay more than $89M for Apple Card failures ",Finance,"Wed, Oct 23rd 2024"
22,Watch CFPB Director Rohit Chopra speak at DC Fintech Week,Finance,"Wed, Oct 23rd 2024"
23,Morgan Stanley expands OpenAI-powered chatbot tools to Wall Street division,Finance,"Wed, Oct 23rd 2024"
24,"Stocks making biggest moves premarket: Boeing, McDonald's and more",Market Insider,"Wed, Oct 23rd 2024"
25,Chinese smartphone companies tout AI features ahead of Apple Intelligence launch,China Economy,"Wed, Oct 23rd 2024"
26,"Crypto firm Circle sees UK introducing stablecoin laws in 'months, not years'",Tech,"Wed, Oct 23rd 2024"
27,"Stocks making the biggest moves after hours: McDonald's, CoStar Group and more",Market Insider,"Tue, Oct 22nd 2024"
28,"Stocks making the biggest moves midday: Genuine Parts, General Motors and more",Market Insider,"Tue, Oct 22nd 2024"
29,"SAP boss warns against regulating AI, says Europe risks falling behind",Tech,"Wed, Oct 23rd 2024"
30,"Stocks making biggest moves premarket: Cheesecake Factory, 3M and more",Market Insider,"Tue, Oct 22nd 2024"
31,More startups are being spun out of Klarna than any other European fintech unicorn,Tech,"Tue, Oct 22nd 2024"
32,"HSBC embarks on major restructuring, names first female CFO",Banks,"Tue, Oct 22nd 2024"
33,"Stocks making the biggest moves after hours: Nike, Zions Bancorp, Nucor and more",Market Insider,"Mon, Oct 21st 2024"
